{"cameraMode":{"drawMode":0,"name":"Shaded","section":"Shading Mode"},"sceneLighting":true,"audioPlay":false,"sceneViewState":{"showFog":false,"showMaterialUpdate":false,"showSkybox":false,"showFlares":false,"showImageEffects":false,"showParticleSystems":false},"in2DMode":false,"pivot":{"x":-0.5375792384147644,"y":-0.3087974786758423,"z":1.043424129486084},"rotation":{"x":0.020670361816883088,"y":-0.9669992923736572,"z":0.24003832042217256,"w":0.08341172337532044},"size":5.161532402038574,"orthographic":false}