{"cameraMode":{"drawMode":0,"name":"Shaded","section":"Shading Mode"},"sceneLighting":true,"audioPlay":false,"sceneViewState":{"showFog":true,"showMaterialUpdate":false,"showSkybox":false,"showFlares":true,"showImageEffects":true,"showParticleSystems":true},"in2DMode":false,"pivot":{"x":0.17890596389770509,"y":5.970968246459961,"z":-0.976048469543457},"rotation":{"x":0.060739751905202869,"y":-0.9197051525115967,"z":0.3544080853462219,"w":0.15768307447433473},"size":29.572412490844728,"orthographic":false}