{"cameraMode":{"drawMode":0,"name":"Shaded","section":"Shading Mode"},"sceneLighting":true,"audioPlay":false,"sceneViewState":{"showFog":true,"showMaterialUpdate":false,"showSkybox":true,"showFlares":true,"showImageEffects":true,"showParticleSystems":true},"in2DMode":false,"pivot":{"x":-12.494500160217286,"y":-11.370959281921387,"z":1.127054214477539},"rotation":{"x":0.053351882845163348,"y":0.9323170185089111,"z":-0.32279345393180849,"w":0.15409551560878755},"size":19.133560180664064,"orthographic":false}